{
  "data_root": "SAR",
  "experts": [
    "resnet18",
    "resnet34",
    "resnet50",
    "densenet121"
  ],
  "weights": {
    "resnet18": "ResNet18_Weights.IMAGENET1K_V1",
    "resnet34": "ResNet34_Weights.IMAGENET1K_V1",
    "resnet50": "ResNet50_Weights.IMAGENET1K_V2",
    "densenet121": "DenseNet121_Weights.IMAGENET1K_V1"
  },
  "pretrained": true,
  "feature_dims": [
    512,
    512,
    2048,
    1024
  ],
  "epochs": 300,
  "batch_size": 256,
  "learning_rate": 0.001,
  "weight_decay": 0.0001,
  "gate_hidden": 256,
  "expert_hidden": 0,
  "dropout": 0.15,
  "temperature": 1.0,
  "balance_loss": 0.01,
  "seed": 42,
  "best_epoch": 113,
  "best_test_accuracy": 0.8063636422157288,
  "final_selected_train_loss": 0.002818861197680235,
  "final_selected_test_loss": 0.7620579651269046,
  "train_accuracy": 0.9994999766349792,
  "test_accuracy": 0.8063636422157288,
  "train_gate_mean": {
    "resnet18": 0.07028160244226456,
    "resnet34": 0.07128811627626419,
    "resnet50": 0.4811854362487793,
    "densenet121": 0.3772448003292084
  },
  "test_gate_mean": {
    "resnet18": 0.10916373878717422,
    "resnet34": 0.07483917474746704,
    "resnet50": 0.4049016833305359,
    "densenet121": 0.41109541058540344
  },
  "class_names": [
    "airplane",
    "beach",
    "bridge",
    "crosswalk",
    "golf_course",
    "oil_tank",
    "Photovoltaic",
    "river",
    "runway",
    "ship"
  ],
  "train_per_class_accuracy": {
    "airplane": 1.0,
    "beach": 1.0,
    "bridge": 1.0,
    "crosswalk": 1.0,
    "golf_course": 1.0,
    "oil_tank": 0.995,
    "Photovoltaic": 1.0,
    "river": 1.0,
    "runway": 1.0,
    "ship": 1.0
  },
  "test_per_class_accuracy": {
    "airplane": 0.6181818181818182,
    "beach": 0.8181818181818182,
    "bridge": 0.6,
    "crosswalk": 0.7545454545454545,
    "golf_course": 0.6727272727272727,
    "oil_tank": 0.9363636363636364,
    "Photovoltaic": 0.9454545454545454,
    "river": 0.7909090909090909,
    "runway": 0.9727272727272728,
    "ship": 0.9545454545454546
  },
  "train_confusion_matrix": [
    [
      200,
      0,
      0,
      0,
      0,
      0,
      0,
      0,
      0,
      0
    ],
    [
      0,
      200,
      0,
      0,
      0,
      0,
      0,
      0,
      0,
      0
    ],
    [
      0,
      0,
      200,
      0,
      0,
      0,
      0,
      0,
      0,
      0
    ],
    [
      0,
      0,
      0,
      200,
      0,
      0,
      0,
      0,
      0,
      0
    ],
    [
      0,
      0,
      0,
      0,
      200,
      0,
      0,
      0,
      0,
      0
    ],
    [
      0,
      1,
      0,
      0,
      0,
      199,
      0,
      0,
      0,
      0
    ],
    [
      0,
      0,
      0,
      0,
      0,
      0,
      200,
      0,
      0,
      0
    ],
    [
      0,
      0,
      0,
      0,
      0,
      0,
      0,
      200,
      0,
      0
    ],
    [
      0,
      0,
      0,
      0,
      0,
      0,
      0,
      0,
      200,
      0
    ],
    [
      0,
      0,
      0,
      0,
      0,
      0,
      0,
      0,
      0,
      200
    ]
  ],
  "test_confusion_matrix": [
    [
      68,
      6,
      6,
      0,
      5,
      3,
      3,
      1,
      8,
      10
    ],
    [
      0,
      90,
      10,
      0,
      0,
      0,
      0,
      6,
      1,
      3
    ],
    [
      1,
      6,
      66,
      19,
      1,
      7,
      0,
      0,
      1,
      9
    ],
    [
      2,
      0,
      2,
      83,
      5,
      0,
      15,
      1,
      2,
      0
    ],
    [
      0,
      1,
      3,
      2,
      74,
      0,
      1,
      26,
      3,
      0
    ],
    [
      0,
      0,
      1,
      2,
      1,
      103,
      0,
      1,
      0,
      2
    ],
    [
      2,
      0,
      2,
      0,
      1,
      1,
      104,
      0,
      0,
      0
    ],
    [
      0,
      10,
      4,
      5,
      2,
      0,
      0,
      87,
      2,
      0
    ],
    [
      0,
      0,
      1,
      0,
      0,
      0,
      1,
      1,
      107,
      0
    ],
    [
      0,
      3,
      0,
      2,
      0,
      0,
      0,
      0,
      0,
      105
    ]
  ],
  "elapsed_seconds": 257.42946338653564
}
