{
  "data_root": "SAR",
  "image_size": 32,
  "epochs": 80,
  "batch_size": 128,
  "learning_rate": 0.05,
  "l2": 0.0001,
  "seed": 42,
  "class_names": [
    "Photovoltaic",
    "airplane",
    "beach",
    "bridge",
    "crosswalk",
    "golf_course",
    "oil_tank",
    "river",
    "runway",
    "ship"
  ],
  "train_counts": {
    "Photovoltaic": 200,
    "airplane": 200,
    "beach": 200,
    "bridge": 200,
    "crosswalk": 200,
    "golf_course": 200,
    "oil_tank": 200,
    "river": 200,
    "runway": 200,
    "ship": 200
  },
  "test_counts": {
    "Photovoltaic": 110,
    "airplane": 110,
    "beach": 110,
    "bridge": 110,
    "crosswalk": 110,
    "golf_course": 110,
    "oil_tank": 110,
    "river": 110,
    "runway": 110,
    "ship": 110
  },
  "train_loss": 0.8293582503318787,
  "train_accuracy": 0.791,
  "test_loss": 5.688028544616699,
  "test_accuracy": 0.21636363636363637,
  "train_per_class_accuracy": {
    "Photovoltaic": 0.88,
    "airplane": 0.69,
    "beach": 0.755,
    "bridge": 0.66,
    "crosswalk": 0.975,
    "golf_course": 0.865,
    "oil_tank": 0.855,
    "river": 0.93,
    "runway": 0.635,
    "ship": 0.665
  },
  "test_per_class_accuracy": {
    "Photovoltaic": 0.3181818181818182,
    "airplane": 0.09090909090909091,
    "beach": 0.16363636363636364,
    "bridge": 0.17272727272727273,
    "crosswalk": 0.21818181818181817,
    "golf_course": 0.09090909090909091,
    "oil_tank": 0.03636363636363636,
    "river": 0.32727272727272727,
    "runway": 0.14545454545454545,
    "ship": 0.6
  },
  "train_confusion_matrix": [
    [
      176,
      0,
      3,
      3,
      0,
      7,
      7,
      2,
      1,
      1
    ],
    [
      3,
      138,
      1,
      4,
      1,
      5,
      42,
      0,
      3,
      3
    ],
    [
      2,
      2,
      151,
      6,
      1,
      11,
      23,
      0,
      2,
      2
    ],
    [
      3,
      1,
      6,
      132,
      13,
      6,
      12,
      13,
      6,
      8
    ],
    [
      2,
      0,
      0,
      0,
      195,
      1,
      2,
      0,
      0,
      0
    ],
    [
      3,
      0,
      3,
      3,
      0,
      173,
      14,
      1,
      2,
      1
    ],
    [
      7,
      0,
      3,
      0,
      1,
      1,
      171,
      3,
      9,
      5
    ],
    [
      1,
      0,
      4,
      5,
      0,
      2,
      1,
      186,
      1,
      0
    ],
    [
      10,
      3,
      9,
      6,
      1,
      10,
      31,
      3,
      127,
      0
    ],
    [
      2,
      5,
      0,
      3,
      0,
      0,
      57,
      0,
      0,
      133
    ]
  ],
  "test_confusion_matrix": [
    [
      35,
      4,
      8,
      10,
      8,
      13,
      12,
      3,
      12,
      5
    ],
    [
      13,
      10,
      4,
      9,
      7,
      7,
      9,
      12,
      16,
      23
    ],
    [
      16,
      3,
      18,
      6,
      14,
      8,
      17,
      11,
      6,
      11
    ],
    [
      17,
      7,
      11,
      19,
      6,
      9,
      9,
      7,
      11,
      14
    ],
    [
      11,
      1,
      4,
      7,
      24,
      13,
      8,
      33,
      7,
      2
    ],
    [
      17,
      5,
      11,
      11,
      11,
      10,
      15,
      13,
      13,
      4
    ],
    [
      9,
      6,
      7,
      12,
      25,
      6,
      4,
      19,
      9,
      13
    ],
    [
      7,
      0,
      2,
      5,
      23,
      10,
      0,
      36,
      26,
      1
    ],
    [
      14,
      2,
      3,
      16,
      22,
      6,
      2,
      26,
      16,
      3
    ],
    [
      7,
      15,
      1,
      7,
      2,
      1,
      8,
      1,
      2,
      66
    ]
  ],
  "elapsed_seconds": 4.413022756576538
}
