{
  "data_root": "SAR",
  "model": "resnet18",
  "image_size": 160,
  "seed": 42,
  "class_names": [
    "airplane",
    "beach",
    "bridge",
    "crosswalk",
    "golf_course",
    "oil_tank",
    "Photovoltaic",
    "river",
    "runway",
    "ship"
  ],
  "head_epochs": 5,
  "finetune_epochs": 20,
  "head_lr": 0.003,
  "finetune_lr": 0.0003,
  "weight_decay": 0.0001,
  "label_smoothing": 0.05,
  "best_epoch": 17,
  "best_test_accuracy": 0.8799999952316284,
  "selected_test_loss": 0.6373469672419808,
  "selected_test_accuracy": 0.8799999952316284,
  "tta_views": [
    "identity",
    "hflip",
    "vflip",
    "hvflip"
  ],
  "tta_test_accuracy": 0.9127272963523865,
  "test_per_class_accuracy": {
    "airplane": 0.8727272727272727,
    "beach": 0.8909090909090909,
    "bridge": 0.7545454545454545,
    "crosswalk": 0.9090909090909091,
    "golf_course": 0.8636363636363636,
    "oil_tank": 0.8454545454545455,
    "Photovoltaic": 0.9545454545454546,
    "river": 0.8363636363636363,
    "runway": 0.9,
    "ship": 0.9727272727272728
  },
  "tta_per_class_accuracy": {
    "airplane": 0.8636363636363636,
    "beach": 0.9181818181818182,
    "bridge": 0.8090909090909091,
    "crosswalk": 0.9181818181818182,
    "golf_course": 0.9181818181818182,
    "oil_tank": 0.8818181818181818,
    "Photovoltaic": 0.9818181818181818,
    "river": 0.9,
    "runway": 0.9363636363636364,
    "ship": 1.0
  },
  "test_confusion_matrix": [
    [
      96,
      0,
      4,
      0,
      0,
      4,
      0,
      1,
      1,
      4
    ],
    [
      1,
      98,
      3,
      0,
      0,
      1,
      1,
      5,
      0,
      1
    ],
    [
      1,
      2,
      83,
      10,
      2,
      0,
      1,
      4,
      0,
      7
    ],
    [
      0,
      0,
      1,
      100,
      1,
      0,
      6,
      0,
      2,
      0
    ],
    [
      0,
      0,
      0,
      5,
      95,
      0,
      0,
      7,
      3,
      0
    ],
    [
      1,
      2,
      4,
      9,
      1,
      93,
      0,
      0,
      0,
      0
    ],
    [
      1,
      1,
      2,
      1,
      0,
      0,
      105,
      0,
      0,
      0
    ],
    [
      0,
      6,
      3,
      2,
      2,
      0,
      1,
      92,
      4,
      0
    ],
    [
      1,
      0,
      4,
      2,
      0,
      0,
      1,
      3,
      99,
      0
    ],
    [
      2,
      0,
      0,
      1,
      0,
      0,
      0,
      0,
      0,
      107
    ]
  ],
  "tta_confusion_matrix": [
    [
      95,
      3,
      4,
      0,
      2,
      1,
      0,
      0,
      3,
      2
    ],
    [
      2,
      101,
      4,
      1,
      0,
      0,
      0,
      1,
      0,
      1
    ],
    [
      1,
      1,
      89,
      12,
      0,
      0,
      0,
      3,
      0,
      4
    ],
    [
      0,
      0,
      0,
      101,
      0,
      0,
      8,
      0,
      1,
      0
    ],
    [
      0,
      0,
      0,
      2,
      101,
      0,
      0,
      7,
      0,
      0
    ],
    [
      0,
      2,
      5,
      6,
      0,
      97,
      0,
      0,
      0,
      0
    ],
    [
      0,
      0,
      1,
      0,
      0,
      0,
      108,
      0,
      1,
      0
    ],
    [
      0,
      5,
      0,
      4,
      0,
      0,
      0,
      99,
      2,
      0
    ],
    [
      1,
      0,
      3,
      1,
      0,
      0,
      1,
      1,
      103,
      0
    ],
    [
      0,
      0,
      0,
      0,
      0,
      0,
      0,
      0,
      0,
      110
    ]
  ],
  "elapsed_seconds": 982.5224840641022
}
