{
  "data_root": "SAR",
  "model": "resnet50",
  "weights": "ResNet50_Weights.IMAGENET1K_V2",
  "pretrained": true,
  "feature_dim": 2048,
  "epochs": 250,
  "batch_size": 64,
  "learning_rate": 0.001,
  "weight_decay": 0.0001,
  "seed": 42,
  "class_names": [
    "airplane",
    "beach",
    "bridge",
    "crosswalk",
    "golf_course",
    "oil_tank",
    "Photovoltaic",
    "river",
    "runway",
    "ship"
  ],
  "train_counts": {
    "airplane": 200,
    "beach": 200,
    "bridge": 200,
    "crosswalk": 200,
    "golf_course": 200,
    "oil_tank": 200,
    "Photovoltaic": 200,
    "river": 200,
    "runway": 200,
    "ship": 200
  },
  "test_counts": {
    "airplane": 110,
    "beach": 110,
    "bridge": 110,
    "crosswalk": 110,
    "golf_course": 110,
    "oil_tank": 110,
    "Photovoltaic": 110,
    "river": 110,
    "runway": 110,
    "ship": 110
  },
  "train_accuracy": 1.0,
  "test_accuracy": 0.8045454621315002,
  "train_per_class_accuracy": {
    "airplane": 1.0,
    "beach": 1.0,
    "bridge": 1.0,
    "crosswalk": 1.0,
    "golf_course": 1.0,
    "oil_tank": 1.0,
    "Photovoltaic": 1.0,
    "river": 1.0,
    "runway": 1.0,
    "ship": 1.0
  },
  "test_per_class_accuracy": {
    "airplane": 0.6454545454545455,
    "beach": 0.7,
    "bridge": 0.6181818181818182,
    "crosswalk": 0.8636363636363636,
    "golf_course": 0.6727272727272727,
    "oil_tank": 0.9181818181818182,
    "Photovoltaic": 0.9272727272727272,
    "river": 0.8818181818181818,
    "runway": 0.9181818181818182,
    "ship": 0.9
  },
  "train_confusion_matrix": [
    [
      200,
      0,
      0,
      0,
      0,
      0,
      0,
      0,
      0,
      0
    ],
    [
      0,
      200,
      0,
      0,
      0,
      0,
      0,
      0,
      0,
      0
    ],
    [
      0,
      0,
      200,
      0,
      0,
      0,
      0,
      0,
      0,
      0
    ],
    [
      0,
      0,
      0,
      200,
      0,
      0,
      0,
      0,
      0,
      0
    ],
    [
      0,
      0,
      0,
      0,
      200,
      0,
      0,
      0,
      0,
      0
    ],
    [
      0,
      0,
      0,
      0,
      0,
      200,
      0,
      0,
      0,
      0
    ],
    [
      0,
      0,
      0,
      0,
      0,
      0,
      200,
      0,
      0,
      0
    ],
    [
      0,
      0,
      0,
      0,
      0,
      0,
      0,
      200,
      0,
      0
    ],
    [
      0,
      0,
      0,
      0,
      0,
      0,
      0,
      0,
      200,
      0
    ],
    [
      0,
      0,
      0,
      0,
      0,
      0,
      0,
      0,
      0,
      200
    ]
  ],
  "test_confusion_matrix": [
    [
      71,
      0,
      8,
      3,
      2,
      6,
      4,
      2,
      8,
      6
    ],
    [
      2,
      77,
      11,
      1,
      4,
      3,
      1,
      8,
      0,
      3
    ],
    [
      0,
      4,
      68,
      18,
      3,
      4,
      0,
      0,
      1,
      12
    ],
    [
      5,
      0,
      1,
      95,
      0,
      0,
      4,
      0,
      5,
      0
    ],
    [
      0,
      1,
      1,
      2,
      74,
      0,
      0,
      26,
      6,
      0
    ],
    [
      3,
      0,
      1,
      4,
      1,
      101,
      0,
      0,
      0,
      0
    ],
    [
      0,
      0,
      2,
      2,
      0,
      3,
      102,
      0,
      1,
      0
    ],
    [
      0,
      3,
      5,
      3,
      1,
      1,
      0,
      97,
      0,
      0
    ],
    [
      0,
      0,
      4,
      0,
      0,
      0,
      2,
      3,
      101,
      0
    ],
    [
      3,
      3,
      2,
      2,
      1,
      0,
      0,
      0,
      0,
      99
    ]
  ],
  "elapsed_seconds": 83.88446855545044
}
