{
  "data_root": "SAR",
  "model": "resnet18",
  "image_size": 160,
  "seed": 123,
  "class_names": [
    "airplane",
    "beach",
    "bridge",
    "crosswalk",
    "golf_course",
    "oil_tank",
    "Photovoltaic",
    "river",
    "runway",
    "ship"
  ],
  "head_epochs": 5,
  "finetune_epochs": 20,
  "head_lr": 0.003,
  "finetune_lr": 0.0003,
  "weight_decay": 0.0001,
  "label_smoothing": 0.05,
  "best_epoch": 24,
  "best_test_accuracy": 0.8799999952316284,
  "selected_test_loss": 0.6325662112236023,
  "selected_test_accuracy": 0.8799999952316284,
  "tta_views": [
    "identity",
    "hflip",
    "vflip",
    "hvflip"
  ],
  "tta_test_accuracy": 0.9009090662002563,
  "test_per_class_accuracy": {
    "airplane": 0.8090909090909091,
    "beach": 0.8454545454545455,
    "bridge": 0.7818181818181819,
    "crosswalk": 0.8818181818181818,
    "golf_course": 0.8363636363636363,
    "oil_tank": 0.8909090909090909,
    "Photovoltaic": 0.9818181818181818,
    "river": 0.8636363636363636,
    "runway": 0.9363636363636364,
    "ship": 0.9727272727272728
  },
  "tta_per_class_accuracy": {
    "airplane": 0.8363636363636363,
    "beach": 0.9090909090909091,
    "bridge": 0.8090909090909091,
    "crosswalk": 0.9,
    "golf_course": 0.8727272727272727,
    "oil_tank": 0.9181818181818182,
    "Photovoltaic": 0.9727272727272728,
    "river": 0.8636363636363636,
    "runway": 0.9363636363636364,
    "ship": 0.990909090909091
  },
  "test_confusion_matrix": [
    [
      89,
      3,
      4,
      0,
      0,
      6,
      2,
      1,
      2,
      3
    ],
    [
      1,
      93,
      6,
      3,
      2,
      0,
      0,
      3,
      0,
      2
    ],
    [
      1,
      1,
      86,
      11,
      2,
      1,
      0,
      3,
      0,
      5
    ],
    [
      0,
      0,
      0,
      97,
      1,
      0,
      11,
      0,
      1,
      0
    ],
    [
      0,
      0,
      0,
      1,
      92,
      0,
      0,
      12,
      5,
      0
    ],
    [
      0,
      1,
      4,
      6,
      0,
      98,
      0,
      1,
      0,
      0
    ],
    [
      0,
      0,
      0,
      2,
      0,
      0,
      108,
      0,
      0,
      0
    ],
    [
      0,
      4,
      4,
      3,
      0,
      0,
      0,
      95,
      4,
      0
    ],
    [
      1,
      0,
      1,
      1,
      0,
      0,
      0,
      4,
      103,
      0
    ],
    [
      0,
      1,
      0,
      1,
      1,
      0,
      0,
      0,
      0,
      107
    ]
  ],
  "tta_confusion_matrix": [
    [
      92,
      1,
      4,
      0,
      0,
      6,
      1,
      1,
      3,
      2
    ],
    [
      1,
      100,
      6,
      0,
      1,
      0,
      0,
      1,
      0,
      1
    ],
    [
      1,
      2,
      89,
      9,
      0,
      1,
      0,
      3,
      0,
      5
    ],
    [
      0,
      0,
      1,
      99,
      0,
      0,
      10,
      0,
      0,
      0
    ],
    [
      0,
      0,
      0,
      1,
      96,
      0,
      0,
      9,
      4,
      0
    ],
    [
      0,
      2,
      3,
      3,
      0,
      101,
      0,
      1,
      0,
      0
    ],
    [
      0,
      0,
      1,
      2,
      0,
      0,
      107,
      0,
      0,
      0
    ],
    [
      0,
      3,
      2,
      5,
      0,
      0,
      0,
      95,
      5,
      0
    ],
    [
      1,
      0,
      1,
      1,
      0,
      0,
      1,
      3,
      103,
      0
    ],
    [
      0,
      1,
      0,
      0,
      0,
      0,
      0,
      0,
      0,
      109
    ]
  ],
  "elapsed_seconds": 991.5256190299988
}
