{
  "runs": [
    "results/sar_finetune/resnet18_size160_seed42",
    "results/sar_finetune/resnet18_size160_seed7",
    "results/sar_finetune/resnet18_size160_seed123"
  ],
  "class_names": [
    "airplane",
    "beach",
    "bridge",
    "crosswalk",
    "golf_course",
    "oil_tank",
    "Photovoltaic",
    "river",
    "runway",
    "ship"
  ],
  "image_views": [
    "identity",
    "hflip",
    "vflip"
  ],
  "num_runs": 3,
  "image_dim": 6144,
  "diffusion_dim": 2926,
  "hidden_dim": 256,
  "dropout": 0.55,
  "label_smoothing": 0.02,
  "learning_rate": 0.0002,
  "weight_decay": 0.1,
  "train_logit_branch": false,
  "base_train_accuracy": 1.0,
  "base_test_accuracy": 0.9154545664787292,
  "best_epoch": 27,
  "best_test_accuracy": 0.921818196773529,
  "selected_train_loss": 0.018627858251333236,
  "selected_test_loss": 0.3362009688128125,
  "selected_train_accuracy": 1.0,
  "selected_test_accuracy": 0.921818196773529,
  "image_scale": 0.07053466886281967,
  "diffusion_scale": 0.04814661294221878,
  "test_per_class_accuracy": {
    "airplane": 0.8727272727272727,
    "beach": 0.9272727272727272,
    "bridge": 0.8272727272727273,
    "crosswalk": 0.9090909090909091,
    "golf_course": 0.9,
    "oil_tank": 0.9181818181818182,
    "Photovoltaic": 0.990909090909091,
    "river": 0.9090909090909091,
    "runway": 0.9636363636363636,
    "ship": 1.0
  },
  "test_confusion_matrix": [
    [
      96,
      1,
      4,
      0,
      0,
      2,
      0,
      1,
      4,
      2
    ],
    [
      1,
      102,
      5,
      0,
      0,
      0,
      0,
      1,
      0,
      1
    ],
    [
      1,
      1,
      91,
      9,
      0,
      0,
      0,
      3,
      0,
      5
    ],
    [
      0,
      0,
      0,
      100,
      0,
      0,
      8,
      0,
      2,
      0
    ],
    [
      0,
      0,
      0,
      1,
      99,
      0,
      0,
      6,
      4,
      0
    ],
    [
      0,
      2,
      4,
      3,
      0,
      101,
      0,
      0,
      0,
      0
    ],
    [
      0,
      0,
      0,
      1,
      0,
      0,
      109,
      0,
      0,
      0
    ],
    [
      0,
      3,
      1,
      4,
      0,
      0,
      0,
      100,
      2,
      0
    ],
    [
      1,
      0,
      1,
      0,
      0,
      0,
      1,
      1,
      106,
      0
    ],
    [
      0,
      0,
      0,
      0,
      0,
      0,
      0,
      0,
      0,
      110
    ]
  ],
  "elapsed_seconds": 70.08312916755676
}
