{
  "data_root": "SAR",
  "model": "resnet18",
  "image_size": 160,
  "seed": 7,
  "class_names": [
    "airplane",
    "beach",
    "bridge",
    "crosswalk",
    "golf_course",
    "oil_tank",
    "Photovoltaic",
    "river",
    "runway",
    "ship"
  ],
  "head_epochs": 5,
  "finetune_epochs": 20,
  "head_lr": 0.003,
  "finetune_lr": 0.0003,
  "weight_decay": 0.0001,
  "label_smoothing": 0.05,
  "best_epoch": 25,
  "best_test_accuracy": 0.8872727155685425,
  "selected_test_loss": 0.616082027608698,
  "selected_test_accuracy": 0.8872727155685425,
  "tta_views": [
    "identity",
    "hflip",
    "vflip",
    "hvflip"
  ],
  "tta_test_accuracy": 0.9045454263687134,
  "test_per_class_accuracy": {
    "airplane": 0.8363636363636363,
    "beach": 0.8636363636363636,
    "bridge": 0.8181818181818182,
    "crosswalk": 0.9,
    "golf_course": 0.8272727272727273,
    "oil_tank": 0.8909090909090909,
    "Photovoltaic": 0.9727272727272728,
    "river": 0.8545454545454545,
    "runway": 0.9545454545454546,
    "ship": 0.9545454545454546
  },
  "tta_per_class_accuracy": {
    "airplane": 0.8545454545454545,
    "beach": 0.8818181818181818,
    "bridge": 0.7727272727272727,
    "crosswalk": 0.9181818181818182,
    "golf_course": 0.8454545454545455,
    "oil_tank": 0.9181818181818182,
    "Photovoltaic": 0.990909090909091,
    "river": 0.9272727272727272,
    "runway": 0.9454545454545454,
    "ship": 0.990909090909091
  },
  "test_confusion_matrix": [
    [
      92,
      1,
      3,
      0,
      0,
      4,
      1,
      2,
      2,
      5
    ],
    [
      0,
      95,
      7,
      3,
      1,
      0,
      0,
      3,
      0,
      1
    ],
    [
      1,
      1,
      90,
      6,
      1,
      1,
      0,
      3,
      0,
      7
    ],
    [
      0,
      0,
      0,
      99,
      1,
      0,
      8,
      0,
      2,
      0
    ],
    [
      0,
      0,
      1,
      1,
      91,
      0,
      0,
      13,
      4,
      0
    ],
    [
      0,
      1,
      5,
      6,
      0,
      98,
      0,
      0,
      0,
      0
    ],
    [
      0,
      0,
      0,
      3,
      0,
      0,
      107,
      0,
      0,
      0
    ],
    [
      0,
      4,
      6,
      2,
      0,
      0,
      0,
      94,
      4,
      0
    ],
    [
      1,
      0,
      0,
      1,
      0,
      0,
      0,
      3,
      105,
      0
    ],
    [
      1,
      1,
      2,
      1,
      0,
      0,
      0,
      0,
      0,
      105
    ]
  ],
  "tta_confusion_matrix": [
    [
      94,
      1,
      2,
      0,
      0,
      2,
      0,
      2,
      4,
      5
    ],
    [
      1,
      97,
      9,
      0,
      0,
      0,
      0,
      2,
      0,
      1
    ],
    [
      1,
      2,
      85,
      10,
      0,
      1,
      0,
      3,
      0,
      8
    ],
    [
      0,
      0,
      0,
      101,
      0,
      0,
      7,
      0,
      2,
      0
    ],
    [
      0,
      0,
      0,
      0,
      93,
      0,
      0,
      14,
      3,
      0
    ],
    [
      0,
      2,
      4,
      3,
      0,
      101,
      0,
      0,
      0,
      0
    ],
    [
      0,
      0,
      0,
      1,
      0,
      0,
      109,
      0,
      0,
      0
    ],
    [
      0,
      2,
      0,
      4,
      0,
      0,
      0,
      102,
      2,
      0
    ],
    [
      1,
      0,
      1,
      0,
      0,
      0,
      1,
      3,
      104,
      0
    ],
    [
      1,
      0,
      0,
      0,
      0,
      0,
      0,
      0,
      0,
      109
    ]
  ],
  "elapsed_seconds": 998.7087304592133
}
