{
  "data_root": "RGB",
  "experts": [
    "resnet18",
    "resnet34",
    "resnet50"
  ],
  "weights": {
    "resnet18": "ResNet18_Weights.IMAGENET1K_V1",
    "resnet34": "ResNet34_Weights.IMAGENET1K_V1",
    "resnet50": "ResNet50_Weights.IMAGENET1K_V2"
  },
  "pretrained": true,
  "feature_dims": [
    512,
    512,
    2048
  ],
  "epochs": 250,
  "batch_size": 256,
  "learning_rate": 0.001,
  "weight_decay": 0.0001,
  "gate_hidden": 256,
  "expert_hidden": 0,
  "dropout": 0.15,
  "temperature": 1.0,
  "balance_loss": 0.01,
  "seed": 42,
  "best_epoch": 13,
  "best_test_accuracy": 0.9254999756813049,
  "final_selected_train_loss": 0.011401581771671773,
  "final_selected_test_loss": 0.22528741019964219,
  "train_accuracy": 1.0,
  "test_accuracy": 0.9254999756813049,
  "train_gate_mean": {
    "resnet18": 0.11005458235740662,
    "resnet34": 0.029188625514507294,
    "resnet50": 0.8607568144798279
  },
  "test_gate_mean": {
    "resnet18": 0.10800182819366455,
    "resnet34": 0.013668677769601345,
    "resnet50": 0.8783295154571533
  },
  "class_names": [
    "airplane",
    "beach",
    "bridge",
    "crosswalk",
    "golf_course",
    "oil_tank",
    "photovoltaic",
    "river",
    "runway",
    "ship"
  ],
  "train_per_class_accuracy": {
    "airplane": 1.0,
    "beach": 1.0,
    "bridge": 1.0,
    "crosswalk": 1.0,
    "golf_course": 1.0,
    "oil_tank": 1.0,
    "photovoltaic": 1.0,
    "river": 1.0,
    "runway": 1.0,
    "ship": 1.0
  },
  "test_per_class_accuracy": {
    "airplane": 1.0,
    "beach": 1.0,
    "bridge": 0.915,
    "crosswalk": 1.0,
    "golf_course": 0.99,
    "oil_tank": 0.99,
    "photovoltaic": 0.845,
    "river": 0.665,
    "runway": 0.865,
    "ship": 0.985
  },
  "train_confusion_matrix": [
    [
      200,
      0,
      0,
      0,
      0,
      0,
      0,
      0,
      0,
      0
    ],
    [
      0,
      200,
      0,
      0,
      0,
      0,
      0,
      0,
      0,
      0
    ],
    [
      0,
      0,
      200,
      0,
      0,
      0,
      0,
      0,
      0,
      0
    ],
    [
      0,
      0,
      0,
      200,
      0,
      0,
      0,
      0,
      0,
      0
    ],
    [
      0,
      0,
      0,
      0,
      200,
      0,
      0,
      0,
      0,
      0
    ],
    [
      0,
      0,
      0,
      0,
      0,
      200,
      0,
      0,
      0,
      0
    ],
    [
      0,
      0,
      0,
      0,
      0,
      0,
      200,
      0,
      0,
      0
    ],
    [
      0,
      0,
      0,
      0,
      0,
      0,
      0,
      200,
      0,
      0
    ],
    [
      0,
      0,
      0,
      0,
      0,
      0,
      0,
      0,
      200,
      0
    ],
    [
      0,
      0,
      0,
      0,
      0,
      0,
      0,
      0,
      0,
      200
    ]
  ],
  "test_confusion_matrix": [
    [
      200,
      0,
      0,
      0,
      0,
      0,
      0,
      0,
      0,
      0
    ],
    [
      0,
      200,
      0,
      0,
      0,
      0,
      0,
      0,
      0,
      0
    ],
    [
      0,
      0,
      183,
      2,
      0,
      0,
      1,
      8,
      4,
      2
    ],
    [
      0,
      0,
      0,
      200,
      0,
      0,
      0,
      0,
      0,
      0
    ],
    [
      0,
      0,
      0,
      1,
      198,
      0,
      0,
      0,
      1,
      0
    ],
    [
      0,
      0,
      1,
      0,
      0,
      198,
      0,
      0,
      1,
      0
    ],
    [
      4,
      0,
      16,
      2,
      1,
      0,
      169,
      6,
      1,
      1
    ],
    [
      0,
      20,
      0,
      0,
      43,
      1,
      2,
      133,
      1,
      0
    ],
    [
      2,
      0,
      1,
      23,
      0,
      0,
      1,
      0,
      173,
      0
    ],
    [
      0,
      1,
      1,
      1,
      0,
      0,
      0,
      0,
      0,
      197
    ]
  ],
  "elapsed_seconds": 216.96020770072937
}
